[
  {
    "id": 1,
    "title": "Mouse Con Cable",
    "description": "Mouse ergonómico y preciso.",
    "price": 15.99,
    "category": "peripherals",
    "code": 3,
    "stock": 120
  },
  {
    "id": 2,
    "title": "Teclado NHR002 Inalámbrico",
    "description": "Mouse ergonómico y preciso.",
    "price": 90.99,
    "category": "peripherals",
    "code": 3,
    "stock": 120
  },
  {
    "id": 3,
    "title": "Mouse Inalámbrico",
    "description": "Mouse ergonómico y preciso.",
    "price": 25.99,
    "category": "peripherals",
    "code": 3,
    "stock": 120
  },
  {
    "id": 4,
    "title": "Monitor Curvo 27''",
    "description": "Monitor de alta resolución para una experiencia inmersiva.",
    "price": 350.75,
    "category": "electronics",
    "code": 4,
    "stock": 15
  },
  {
    "id": 5,
    "title": "Laptop Gamer 2",
    "description": "Potente laptop para gaming.",
    "price": 1208,
    "category": "electronics",
    "code": 4,
    "stock": 10
  },
  {
    "id": 6,
    "title": "Laptop Gamer 2",
    "description": "Potente laptop para gaming.",
    "price": 1208,
    "category": "electronics",
    "code": 4,
    "stock": 10
  },
  {
    "id": 7,
    "title": "Laptop Gamer 2",
    "description": "Potente laptop para gaming.",
    "price": 1208,
    "category": "electronics",
    "code": 4,
    "stock": 10
  },
  {
    "id": 8,
    "title": "Teclado Mecánico RGB K500",
    "description": "Teclado mecánico con retroiluminación RGB personalizable, switches azules para una experiencia táctil y sonora ideal para gaming.",
    "price": 889.99,
    "category": "Periféricos",
    "code": "KBK500RGB",
    "stock": 150,
    "status": true,
    "thumbnails": [
      "https://example.com/images/teclado-k500-frontal.jpg",
      "https://example.com/images/teclado-k500-lateral.jpg"
    ]
  }
]
